{
    "RMSE": 2724.9473370391443,
    "MAE": 1831.675462106977,
    "R2_SCORE": 0.6556294131689047
}